Day,Month,Temperature (Â°C),Family Size,Watering Garden (Liters),Dishwashing (Liters),Laundry (Liters),Cooking (Liters),Showers (Liters),Toilet Flush (Liters),Total Water Usage (Liters)
7,1,10.131168759220891,1,23.295947475363377,13.357588581931836,68.81347060865421,13.111906324783165,132.47543603465067,47.85826052601622,298.9126095513995
20,12,22.966415904233752,6,2.440078155653802,18.092488345509686,43.760312405539196,15.653641979349672,496.1878679762987,274.21397459675387,850.3483634591048
29,5,13.162982534858473,3,87.00988739009298,11.712605682679445,25.467062204605117,9.715251697756226,394.90878751454176,80.33375927487764,609.1473537645531
15,5,25.34568960293738,5,2.126941085038714,25.93508584003096,84.08715794259226,12.06751848399222,685.854123117249,206.07310060137635,1016.1439270702796
11,11,35.20984826961514,6,87.47016726841994,38.098170768848846,3.8426348962324997,17.324553465657075,224.96946740573145,174.3205759922637,546.0255697971535
8,7,35.81259890234459,1,52.8937134027212,11.18030622005529,90.17619921354235,11.888977957598208,136.0157715583273,29.90159408584409,332.0565624380884
29,9,13.283981778872755,6,93.90676985128962,13.663297420300804,46.147746462473414,10.366973979881628,502.78971986598395,109.12322617374815,775.9977337536775
21,9,36.769279722199116,3,79.87832357736654,23.565970848503056,63.72014768082804,12.413186708754498,273.7556960415236,100.93563639102197,554.2689612479977
7,3,25.716105858744953,1,99.79341105333374,38.01625052583715,65.93539222057827,17.423738786558275,105.19110133118522,17.445435910133916,343.80532982762657
26,3,17.257638634510975,6,35.071181545171015,19.484683149302516,89.51177407065364,10.02812071056309,846.9954768456626,139.5755277761265,1140.6667640974795
19,3,29.786341845411993,5,76.71882889311269,25.217044260651775,63.66696821672073,7.606423897036157,161.46965665785842,221.00604032398704,555.6849622493668
23,4,21.85834457874404,5,40.193091360924214,11.247185771511763,61.39335847600618,15.680210304961712,436.10608099069026,91.41516184217105,656.0350887462652
11,8,18.229565654278908,2,47.98756203039088,14.450296028862667,6.665204056068996,17.389673190621227,225.05329018333455,25.692662813874627,337.23868830315297
11,6,29.677952750383096,6,62.75054632183701,39.598903688765404,51.84080219452041,6.509562177853,700.3490095427245,76.56182222707591,937.6106461527762
24,8,13.705345405060077,4,87.36771141863387,38.95356089308137,15.016900081704165,8.59811169133917,452.4155671378118,190.52552328049725,792.8773745030676
21,1,16.558838515668448,6,98.40834691992951,10.148199428032289,73.74337687214856,7.1295798464149085,276.79329317384776,181.6609051108403,647.8837013512133
4,8,20.205814557089496,1,76.82734138645182,38.55435356269717,51.22219208126745,10.2191211737325,65.92747060460175,26.376482872680732,269.12696168143145
8,4,13.878876085559856,1,41.77667821673337,29.17359813446501,68.02277792083532,11.755264683581188,73.04586305004162,42.435143240316734,266.2093252459732
24,11,19.1820730373496,6,42.13570022770702,36.03754883560066,4.167290060238427,16.232395054449597,759.1947895292435,260.59822269852384,1118.3659464057632
3,1,25.001555882175374,3,73.75823015888915,23.642195669015774,8.479201604580322,14.767213773225112,190.3535540692391,69.86292397387254,380.8633192488221
22,8,30.934085131873392,5,23.877714576830233,25.46788085737751,71.63233880626822,14.313928512176467,276.42297832032193,188.72361149475907,600.4384525677334
21,4,31.85181985880001,1,11.047411313139467,24.665397407707605,7.208433599867337,10.285624199144817,144.89376228457155,40.84491263407546,238.94554143850624
2,6,33.79766231568426,5,35.462215764077655,30.00592772638313,7.12567277652586,17.6217132962714,155.31797106808136,180.93013737319092,426.46363800453037
24,8,31.047407993015426,1,28.723899165408174,14.189537642689388,1.210847523488745,12.069307510972468,149.7385026818374,16.063802992003975,221.99589751640013
12,4,28.836379948391816,2,29.630812045599008,10.899207696180339,95.65013982994802,19.686574070227316,222.43711172577494,90.07064668136456,468.37449204909416
30,3,13.312726495236447,4,23.360775104990992,19.23789824773573,73.75083594590069,14.512132074436053,517.6652637355762,126.25512843776139,774.7820335464012
6,9,19.00780125052087,1,4.209318963636188,31.1404228820994,35.32514085020642,6.893971123467541,65.35432756154319,21.298897054800147,164.22207843575288
2,3,21.72002118080797,5,1.787393473341381,16.05560356368845,29.65355812876552,15.14266343113151,158.58916660023598,135.04563708753878,356.2740222847017
28,9,7.901196259267397,2,98.77223897360315,30.20297299974752,34.97032297458495,9.876560231475484,237.08868445476722,23.00568723191259,433.91646686609096
21,2,23.49295424540232,1,42.77731337358623,39.097361383218114,77.46535311811819,15.294907950291462,130.0973516400811,15.114672048896702,319.8469595141918
1,2,20.27175410622946,3,38.432664715968166,12.817021473682551,66.13706110704143,6.044617222436086,356.57140750326687,121.8656100619033,601.8683820842983
12,2,33.07382371593569,4,67.96472826930699,30.178063546753787,18.519556786746794,7.623221557639391,188.56813790440253,40.001861560858586,352.8555696257081
26,6,39.22652340639948,1,21.825388786506416,23.312506579137136,17.410933533408436,17.836058883586794,120.41135067083628,26.662633139291685,227.45887159276674
22,3,24.46017635249046,2,94.99611839502253,36.04426763132516,9.839564971339732,8.407693355352723,244.54146770583384,61.800814486847074,455.62992654572105
29,9,16.29402358971543,3,78.6345014415552,15.314493683421578,66.03027197013381,17.555616878644102,327.07458564121976,36.55613040011667,541.1656000150911
12,4,6.519027415436047,6,8.94110023122595,30.778778566784936,76.43726622217359,9.189141326816156,731.6034716128221,293.5387591133599,1150.4885170731827
25,1,37.36251655782586,2,41.75807757849284,35.14345868944331,26.5046428325004,14.643228650880614,263.02114552265573,38.09002649997375,419.1605797739466
17,4,37.16905003475308,2,87.91183075621647,38.3384265842207,2.094496103091281,15.412258602647466,207.26498741699,44.33589757090247,395.3578970340684
27,1,13.85465587962344,3,94.47320222914102,30.497440848689376,8.217166747642734,12.689821297175794,121.89769702908447,66.47310147060328,334.2484296223367
27,5,29.339389308732663,2,46.74015112498697,24.91524292025282,96.78600348450304,9.57966015045097,177.0306743201306,38.43333296938799,393.4850649697124
31,4,7.640209148141924,3,61.34113892107077,28.535417206036414,29.544477747742025,8.189665645566443,117.95376048177782,30.176858650357367,275.74131865255083
10,8,10.817540116823853,1,16.70339460920752,36.06714953436155,76.92231478381336,5.497840318436394,78.9051637238917,39.17379176351986,253.2696547332304
28,8,12.588318730527192,3,99.11686261369765,27.11829239916489,62.46635688542638,9.559196018610857,236.55833608522596,146.02145997591424,580.84050397804
28,7,15.307288139380045,3,23.16717013834434,10.911611790905106,38.19396396528959,14.797441857969245,113.76354389048697,56.915217994205406,257.74894963720067
16,3,39.85409812602797,4,94.27317741351257,37.92846086520933,20.56872621955551,19.07457227672724,287.4338563053501,146.0875506885476,605.3663437689024
15,1,29.39237695523352,3,64.96466489923685,30.685802530946834,12.138641815940643,18.068067233945783,129.95931556487335,119.0275592350458,374.84405127998923
30,1,18.447064098272698,3,60.773679487885914,30.295401573317395,61.50129680388666,16.49097164802954,380.96467560331996,131.81104549086297,681.8370706073025
30,12,30.798524704505674,6,51.26885110165086,16.470254571931516,77.4633780637788,16.826710148799478,862.3353786944189,161.43100728326618,1185.7955798638457
15,11,37.033901958418724,1,23.06698117177587,29.766564106979715,64.39042535411306,14.97477355213993,38.67797703095263,22.11723622561717,192.99395744157837
30,3,38.55458425927462,4,17.652803200550828,21.815932169624755,53.030213324915835,8.904302863490045,578.4552995000167,92.04722144368498,771.9057725022831
19,6,7.025236421519759,6,22.048620907017536,29.536989311244763,4.195122343163627,18.607925460587445,556.2551515224565,231.02911994364305,861.6729294881128
12,7,18.808262951284547,5,18.643826214425452,13.197790909239721,96.84887775943838,15.060984678587511,329.73940677232434,213.35589330112722,686.8467796351426
23,6,8.736462307755954,1,77.95844735667534,29.73535913809108,79.87141916545745,13.4066094647066,39.22344903313962,17.264558710264104,257.4598428683342
20,6,16.748102267893714,1,35.01252591667301,39.98241177311999,29.282203670096475,6.664842038202217,90.07491216845014,24.83764032631061,225.85453589285243
25,6,10.938796636344794,5,5.784267656339637,11.44636116581668,97.99703293588506,11.705833157096382,626.7093266944493,230.38803934983002,984.0308609594172
3,3,27.639692658405334,3,96.91026301408114,39.31522552663952,60.18815896363221,11.905374068028895,344.5511318160113,126.80322236336872,679.6733757517618
5,6,18.589393439645526,6,88.37858849634257,22.20723882168612,58.24226582072465,17.968454142840052,216.1627282540611,296.3660166629942,699.3252921986486
19,8,13.028816099673238,2,92.77522831952129,36.12260351011777,74.8073179429532,13.199723302816826,77.49644048829684,80.33986077456646,374.74117433827234
7,11,14.307827373748363,4,99.49078226464353,33.471564521748206,81.17697880901376,10.706008234556144,313.3791756636658,102.91123216446756,641.1357416580952
21,11,17.61207833218439,2,17.38952492194873,27.010487829600034,65.64786073315027,19.65200492765989,130.86971857150638,67.25102671957103,327.82062370343635
9,2,14.098245199899194,5,39.62420189026587,32.153476277539795,12.809574636620003,6.660808899894735,289.43059383362873,182.20285084946403,562.8815063874131
7,5,20.863429639009084,1,75.82384757040913,36.35546683904043,33.82675059944984,11.338226424679169,63.72053986904563,13.138232652684959,234.20306395530915
18,1,6.1310582888377665,1,69.60206180537922,22.12420964953099,92.80836403260497,5.630370127571079,126.41792919562616,31.779878364154605,348.3628131748671
4,12,14.7917227509131,4,15.389590633985506,19.81099484689716,22.461561184385193,16.098561811503956,566.0294657432898,153.49133255561753,793.2815067756793
25,1,19.392235230526516,1,81.58331249906178,30.02780156690754,37.21670238375133,18.77114828298726,78.61232334330796,16.692852160042413,262.9041402360583
28,5,26.097365870815448,1,22.444057183666068,34.23537825823776,43.2076882944196,9.200559943257343,138.73332025589963,41.22526869702229,289.0462726325027
14,12,14.483517488029547,4,22.38176148226231,32.868554043298474,43.940498969445215,17.875125151986815,274.31793659898335,133.40364488225788,524.7875211282342
18,3,9.661479382831239,6,53.69744228934136,33.93440946575903,61.29395824945255,9.383273456928467,523.0346301675299,288.5332285674227,969.876942196434
26,4,7.66701328597071,6,59.293993484170315,23.06749944438799,94.30758377447076,18.66155242465873,342.74087842751976,70.18135156965401,608.2528591248615
9,3,37.91861394973842,4,58.00862078378112,34.53502648525065,24.069271183250496,16.30942855395176,427.4285002444051,82.45218200887471,642.8030292595139
26,1,19.582367020846775,5,9.148683739775487,13.606271661118253,12.150137630091805,17.07360165262158,737.3886691048853,170.31077585996482,959.6781396484572
21,1,25.34069174132892,1,87.74608626303804,26.334672938825488,19.747048985993732,5.270098334006818,102.41917152520544,21.862396488237227,263.3794745353067
2,12,37.17117931424458,1,26.560004258870606,10.172759814943648,88.69249002092695,19.44215535611039,72.93769009362586,38.57696656284969,256.38206610732715
20,12,7.896194701235714,5,12.951492128280417,19.73757489700811,64.5810812655206,15.900064881054849,538.690467594317,201.8010565043862,853.6617372705672
28,5,35.68315200740275,6,88.87480798689772,20.993846046141936,28.590678923916013,9.571266430792,268.50288849507905,84.60383137595387,501.13731925878056
15,6,24.30557553904245,3,95.56514982297534,21.885180748277662,81.59469389686173,17.440919972882703,409.91726889554354,91.66253570481211,718.065749041353
28,3,10.769199139795033,3,86.21276172654507,30.864016200695865,86.1369996363436,9.222817976223949,271.11022228074114,91.06686667092671,574.6136844914763
7,12,19.393929080487915,3,80.95160747248781,21.65674303811037,84.6514338690278,18.09130759349192,251.76590713427115,74.31369242586493,531.430691533254
12,9,32.216079930732896,6,65.52419806390218,23.460808678675917,91.89265336395545,6.688705856179055,601.8226476865339,283.9019670167213,1073.2909806659677
29,5,21.812952865322412,6,55.08573706091393,17.126323926229823,25.224102017336158,15.555289661911937,629.8443812083697,258.6015167695731,1001.4373506443346
8,8,39.485011773292655,5,8.698675991141014,21.197553748880203,75.50419287462783,13.110477149673654,193.06548373590783,189.4418763819274,501.01825988215796
15,1,18.185863947827926,1,40.845321307069874,16.818088817894544,46.053949727414,6.448017052931612,111.91406654680829,38.573065429399904,260.6525088815182
3,5,31.235240499162522,5,37.2688517012314,12.19587771305331,84.19985528900615,8.628407423882585,295.1590081893178,142.34322876262382,579.7952290791151
14,3,18.754630714260067,5,25.97537837603262,28.103457801441337,72.84906771616131,5.186060544159722,578.3715795039539,234.19890421931515,944.6844481610641
17,12,34.020747724728004,6,72.3420113688585,30.046383956650487,77.64474464997247,12.031519481967587,772.2250519566217,226.7029025407885,1190.9926139548593
4,1,24.917851420801167,3,49.58757350787708,28.584710380288435,65.61618376810715,9.518978911400005,379.42506271890727,117.47772739869797,650.210236685278
18,4,7.222914035650048,2,8.104621590764793,23.90482131401717,17.742876946970686,13.975362264466382,192.6002321778934,88.93527230298761,345.2631865971
8,5,6.288765367259698,1,22.018320194981133,21.393573405376895,54.502691889693835,9.458567115629258,92.42038707729014,20.962863573687642,220.75640325665887
4,7,9.684824158022161,6,68.32587636595959,35.90000948715476,98.46697395245081,9.49878667260477,282.87069216437646,253.6970169280087,748.759355570555
2,1,5.478518768944905,3,7.613085949030019,25.572453554086543,93.73880664971189,16.14789798097405,369.1246141451288,53.428872354779045,565.6257306337104
30,3,7.637567112336181,2,85.12069140487687,24.37545632889193,4.317373579701167,5.722142539675302,125.13825130721145,47.627356179591025,292.3012713399477
6,2,29.21000390091192,2,49.51465270139743,10.769261974193071,16.481481572943714,18.54342492787981,179.20690147630717,46.848836341587415,321.3645589943086
22,9,23.70211962603121,6,48.0586577326648,20.237434828784693,13.172877345456191,17.783958115867723,384.6773469078121,294.8461124133937,778.7763873439792
10,10,31.246876231449015,4,59.24077846595176,21.405868563575712,72.59799099852955,15.017070248396097,184.2376142398527,177.0459557996683,529.5452783159741
4,6,36.9608013290175,1,82.46809659251491,21.964683426907015,81.77853298569451,13.898323551610764,105.54692362700838,38.04679446361039,343.70335464734603
22,10,25.480233631391517,2,34.780920790219305,27.40517107681997,21.35113663106719,18.384537472094785,73.03968835749691,78.16454092923121,253.1259952569294
29,3,30.414229542514683,6,67.80161525590636,26.008076401806353,50.5852692951829,7.779952692930717,719.024568570864,194.89747065661703,1066.0969528733071
31,8,31.497842071485955,6,56.5731963995791,28.23715278380334,84.07030280112,6.184537432862429,408.66249258800394,287.3017601060446,871.0294421114133
18,8,18.224769224652526,3,26.70282701694213,32.94649784626385,73.28015447662506,8.592652548643072,90.04848948161471,89.55105034588338,321.1216717159722
26,2,13.437969131537114,4,87.8629986355158,34.3895721614828,54.223720549184826,16.918674180502855,365.3419868338703,100.88283357918313,659.6197859397398
12,6,12.176586497728373,1,79.74260216069281,31.543692286794833,59.03476904587729,5.52005400089725,35.62222902331237,16.52141347726364,227.9847599948382
2,7,13.800485382912946,5,65.84518346584255,38.66571087864804,50.83605469162799,13.742102526252344,315.7017346925397,207.2411304522116,692.0319167071222
10,2,14.615612895906807,3,85.05817290942419,10.546977480290849,29.754845131882057,19.93156274286965,344.51153548405784,118.13327184907097,607.9363655975956
30,11,12.252967715281976,2,86.72942009598023,15.873339570506383,56.50219928590161,17.835441407563092,75.04550918924781,50.74840308193079,302.7343126311299
4,10,35.73772336177173,2,70.83629767150347,10.226886249344263,68.88853020500906,12.821685335653843,261.44123816544055,22.01547311673835,446.2301107436895
14,2,31.494969626028006,3,83.7013328363672,29.42424142463809,87.33229158608077,5.954613639299636,91.3751721570899,130.6796793261613,428.46733096963686
31,10,6.641376372692697,6,69.74714616692836,36.94091646849961,63.629135397924806,17.470602715785645,357.7131858253696,62.74031602897767,608.2413026034856
16,1,14.403536870885757,2,68.01407717603004,17.304468897288977,76.1121537043158,13.984677622658158,237.81697347649714,76.29598237032408,489.52833324711423
15,8,5.776465971060557,4,61.86113782151843,37.8110363438892,16.0071634954573,6.723994955893502,271.8096718700673,195.24113755616912,589.4541420429948
8,1,22.435781532606253,1,75.27166395576413,11.808021708686825,46.15574744197899,6.407859272350343,42.227086567921624,27.50645312592814,209.37683207263004
14,9,21.667374387615496,4,15.86051052930737,38.03308080416543,0.9331619827093296,18.644402291548886,292.9122810242054,77.59574479935245,443.9791814312889
23,11,34.09800215218755,2,88.08707591989284,20.54868061718903,24.667886452162303,15.038003944071177,124.89438873228613,76.38968080347054,349.625716469072
28,6,15.77220339198673,5,87.1843527745232,13.042624853476497,72.64617151130048,17.439301989751335,655.6271412963329,213.42562840311703,1059.3652208285014
25,7,33.573500732457184,1,2.9247283034559146,24.57615277558977,99.18099513493634,18.18468350423401,67.60175011021718,31.857212643113893,244.3255224715471
30,10,38.879081790393805,1,82.58167505647627,17.70329703161524,9.917809958721591,13.576585280724833,124.67189661312086,48.681411010245846,297.13267495090463
8,7,8.09428781779763,3,12.886986747344519,18.546187058857683,40.14943158612883,12.761695276325618,411.07397213186454,36.20024659895533,531.6185193994764
21,10,32.71362438143716,3,33.51188542591419,19.218698947788596,80.00709686991596,11.456411154814852,246.17427104755063,90.57547179654338,480.9438352425277
16,3,25.648456399817263,5,74.35082562916078,34.0907769349799,20.403563462889885,9.75419881686679,695.9658863126353,193.69078946451,1028.2560406210428
13,2,21.80160884564663,6,16.07598960483082,26.174838300257633,55.50849493022862,11.518939412880677,451.6689988534988,267.03371307580295,827.9809741774995
18,9,19.71875225327763,1,81.79670241190622,19.33923097468011,73.30712960296748,16.608194835952347,145.689409978813,17.170224476311603,353.9108922806307
15,8,32.46338923805084,5,83.21341779577419,28.31001349932755,61.5985450260179,14.028851465226973,203.57371471534375,210.0006963527363,600.7252388544267
21,12,27.377647494098483,3,50.746773376083624,31.484520226695807,18.802473461541613,18.387849349322693,337.3269359411674,96.32484908622543,553.0734014410366
24,10,33.176563363177664,3,0.638587171683358,18.17872002200601,35.538456868573945,11.650700215687817,267.7730545644943,77.58644183879558,411.365960681241
26,7,36.610287053681915,1,28.703813317491278,22.406473045760546,78.37917844853972,14.106343680781311,76.51785665467764,15.268601143163743,235.38226629041426
25,9,26.60422992340522,4,61.69269183757422,13.656582800108428,55.42265141320166,14.46961329637983,423.7017017993284,178.447321425426,747.3905625720187
28,4,39.316195378233225,2,98.11861780274235,15.43448048604041,0.5229613542912737,13.875457434594884,228.92570199223948,32.581856654377226,389.45907572428564
28,4,26.283074733965982,3,63.18135270166684,30.433535618949485,76.09907600280938,15.539506596282745,91.57077707411128,67.17454310509191,343.9987910989117
28,1,27.28255125677989,6,25.98035810641598,15.443150430868808,3.531135494023907,8.561502025622094,300.206223897983,129.61092767098484,483.3332976258986
13,8,24.418546298977898,6,63.40057030996113,25.754901510011805,74.57337827312321,12.685456663186859,693.3931564567094,269.139368205805,1138.9468314187975
9,12,8.18507318679656,3,53.99853797158555,31.27138785167298,20.24805601652374,6.563372042125215,329.89874888815433,110.72435930506775,552.7044620751295
29,3,30.42389614275799,4,77.98453951511436,13.206307692842316,95.80734801193802,10.767669914672188,583.702802461765,167.46902355061957,948.9376911469516
15,7,24.160620741468904,4,10.698063882695841,27.019366588867108,36.79407513020845,12.315006029318965,485.29813932037587,80.07486380679984,652.199514758266
13,12,20.781865659563657,5,76.1027902502028,17.696883511040912,32.69316163380791,14.783363893182088,720.4636246388029,174.97481992139979,1036.7146438484365
1,2,36.866494744114554,6,54.12665786761103,38.887806257127394,14.888805033244468,19.25796578879305,685.829161105061,197.2190359544997,1010.2094320063366
25,2,15.428580803968266,5,96.29920038589947,24.50636940159774,30.560421549021488,14.009765998225339,328.83132518366597,216.5660753576542,710.7731578760643
7,7,23.32607966052539,6,34.187216603868606,34.17977649325474,87.66507618282006,16.153908742648397,255.86274402061665,277.4608945155025,705.509616558711
9,6,29.417465502271217,2,63.26218931339481,26.506796264687853,99.63343376272474,12.593990892428042,247.63772720278453,20.972541718190946,470.60667915421095
24,3,32.876512148585704,2,93.20281055100175,11.302375985644575,36.83095305068483,14.51156047064497,214.59581315421983,73.92159352470341,444.3651067368994
1,9,21.077138278116035,1,10.250972799067926,28.994541267820672,44.861063095454256,6.063983242006602,35.782321487195546,12.073431964789162,138.02631385633416
12,10,34.473199525654834,5,93.72284872364511,38.54210026619971,72.2070938202737,8.815873712627704,366.030279540587,159.77173301547117,739.0899290788043
8,6,31.91212094603891,3,68.78857223008133,28.048354604389935,88.61957804650746,10.427796398077081,434.447933574343,64.51592748524138,694.8481623386402
24,10,7.318259224815305,5,6.78370591051719,34.57566578280371,59.304433418678414,12.087400325097704,450.24068742612076,111.35531990442826,674.347212767646
31,10,6.605144324162153,3,30.096356694681624,36.526193900452235,39.15256981778293,5.6847311825357565,245.78248896709368,72.35502041428279,429.597360976829
11,6,26.728198954773195,4,70.81720886452815,16.842393158467974,41.262184084862376,7.100361463299765,339.69581047646113,139.40679184793763,615.124749895557
19,1,17.1594692878895,5,6.73506014687717,16.3613451972468,69.56181464968068,9.152214616869585,275.3296344030982,116.80999313375384,493.9500621475263
17,4,12.319577687747996,4,58.217046017627325,28.32942966552975,0.32182636042786816,19.57299036351576,296.9794420151017,157.23184809444487,560.6525825166473
8,10,25.287747706510846,2,34.588305695295674,22.330854094201143,61.95893374598407,9.970205106545762,148.75518143692238,52.36219084590957,329.9656709248586
3,6,16.954712365979077,2,62.091551776747714,35.19583908600161,35.54930104413574,12.230615871681238,72.56520484499337,25.468256024796688,243.10076864835636
3,6,23.804219584992452,1,4.5742033812512854,37.000693701940335,79.41973312770843,7.941465691075894,122.10811542215019,41.35039369936429,292.39460502349044
1,11,21.104170564425022,5,87.15368061523763,20.602641379081543,9.299063982313216,14.161701066136525,399.90265914232737,107.1516649185412,638.2714111036375
27,12,25.46681370822038,4,97.3488969177397,17.10611676923446,58.82022669483905,9.210248232739614,514.6463456718832,109.24270073588202,806.3745350223179
5,5,19.010517111859848,3,96.88778552856915,33.41576545731586,48.09728898861238,8.104888676576401,396.1252804031624,112.25326598662818,694.8842750408644
10,1,29.41836507939261,2,74.96518317429248,18.244181066444085,64.23255259052274,12.748589426689687,110.87857312767794,46.59649257189696,327.66557195752387
7,8,11.302354532225449,2,13.008624013063198,34.67842955541035,6.485359448296835,5.082586987406312,217.76483572083086,24.52685249173725,301.5466882167448
26,5,29.377551317947763,3,75.82631959290225,22.712147609462885,57.99837874281313,5.11496048973838,260.0214494986734,74.87052564153763,496.5437815751277
9,12,19.408142502513485,4,2.458691645880151,30.026496978744113,56.14845879595237,8.286032136527867,542.4752342023128,191.11177323108853,830.5066869905058
28,12,35.6011161699046,4,2.2123551528997254,12.866059415040045,56.06600944161709,5.550820437512317,223.55552600469798,142.6775035677693,442.92827401953645
7,12,23.03326192024738,5,32.36102191495412,28.71577974029719,60.34876665964548,6.62038631196037,556.6879201860265,184.2958297334414,869.0297045463251
9,5,39.05886222445365,5,48.864319040466576,23.55303036211687,67.64679372263622,10.082909740081273,514.6512733516336,176.45643072752796,841.2547569444624
8,7,26.067738843933608,6,77.04074178077931,27.59825389526422,80.49889996807697,17.038785193697194,392.6170638517196,107.75811335026484,702.5518580398021
12,4,12.83471730672122,6,68.32953766065052,15.040426232345903,26.982072012821433,13.580729650539512,278.35265062884423,160.40012738454723,562.6855435697489
2,6,33.762672289555724,1,44.590270637674834,32.106212348325464,82.5049410180062,12.690015889346245,108.19677125727318,40.03759193453273,320.1258030851586
1,4,17.077891973783537,2,27.362666628166586,35.88391232629685,49.82556822634536,9.402332348121824,237.26338995175936,28.10983180425273,387.84770128494273
16,3,17.166672506893924,5,99.71245001577111,16.50219400272327,7.705827913433117,18.976305791492244,339.37640625801,105.57055521794246,587.8437391993721
23,7,6.113163851980779,4,42.6181302235973,12.871436665604852,5.85509292439792,10.955225618557876,429.5196499307106,84.21105735453658,586.0305927174052
23,8,24.2050358222593,3,45.13870243296755,10.709157581390091,33.42383186960608,6.306391501936572,232.2471267401412,81.84227131134071,409.6674814373822
30,4,23.704822630638304,4,16.362382119166917,29.25914501329798,78.48969771114676,14.255997741767018,462.3393039756565,196.85899855074962,797.5655251117848
24,2,17.459701949519513,2,79.48095487499293,28.212821082663424,70.76809347409157,6.707575902149021,107.81166597457275,25.400203734705755,318.38131504317545
5,12,36.2976042013574,6,69.36822257814886,26.4009223814221,78.86149646724064,10.17834714202538,820.9548018980455,184.4882386513428,1190.2520291182252
3,10,9.506193940487536,4,22.07696127887604,16.958412883479262,51.72690564416094,12.611179080767133,257.9566063034783,68.69834912195367,430.0284143127153
12,3,16.553482965855437,1,8.238104561584269,21.72717987716544,44.01989979554906,18.113337870277636,74.13431853073834,48.827061816389765,215.05990245170452
8,1,16.255396763801016,2,68.0499302074713,27.834290055585193,14.745252670628394,12.40319870510178,73.94206849928395,29.064280378197136,226.03902051626775
22,8,8.230170518006112,6,65.45112142811352,24.90300576577508,32.81927536093116,15.533881490474965,260.288792871319,156.8642405667819,555.8603174833956
27,3,21.840088791970263,3,27.32595269982093,39.63356560644662,43.40193661738753,19.892252584986053,275.7102849764382,118.54619818015273,524.5101906652321
3,12,29.072465098362905,6,95.08635622504103,14.093192576701995,8.860042967961723,6.972336798469724,372.66672724413945,229.09306272658685,726.7717185389007
1,10,22.90799547415414,1,15.105789178090024,30.854336621427812,22.061195271121125,9.120972882792792,130.2576270890633,26.909145475757292,234.30906651825237
3,7,10.49421889506678,2,43.23348010426019,22.129563043128762,59.82252940637388,10.918641133964696,63.52641327718892,47.721933436217455,247.3525604011339
5,10,18.20500878347254,3,94.36159201675989,22.84598844776844,73.56631142391899,11.32742267808247,226.47385752189703,77.71348542634446,506.2886575147713
15,5,5.09082585342763,1,41.97273169261223,31.527932969745287,99.83475113929497,11.165316128983186,70.48146561229112,20.571050526345573,275.55324806927234
14,10,35.39053874624554,6,63.85259476640856,30.77308453973109,93.31133313435576,18.614165038348325,193.91589426067273,109.27990528963196,509.7469770291484
3,5,7.958095268823868,1,39.75943979627943,39.73767981106565,64.25651995351916,15.710489667002847,44.924207880061225,29.3215879023556,233.70992501028388
1,7,25.90473287894007,2,27.421520234867003,13.851828683623758,42.1248053294072,14.118578211360557,159.27424198047248,41.482700485408586,298.2736749251396
5,9,39.51899485533853,5,98.39776479598282,13.12328948152499,63.617736470823274,9.640590767941731,445.71875066846803,107.49233297945003,737.9904651641909
26,12,23.78067260955664,1,40.9334006315043,31.730164513862235,78.56516180802319,17.35685576331942,78.51476967058429,36.27024253898228,283.3705949262757
23,5,37.34146156876016,1,89.40992036791344,27.351607510192274,11.833619092338733,19.325907672274834,93.71252140945126,48.741493267995686,290.37506932016623
31,1,13.26407865910915,6,22.995460589108617,18.224819996794174,40.99048896962883,17.3179742382534,608.4948059320907,204.87292813425003,912.8964778601257
14,10,31.598439312815497,6,21.31047040250833,12.382581069669598,83.98022856356172,5.023476577872094,187.14515121204164,78.47507209559191,388.3169799212453
7,10,23.594301389073692,3,3.113408288451136,12.569747487892915,38.3832951933044,14.546020552751106,257.0742574032614,39.07003366248804,364.75676258814894
27,1,30.218062148701268,6,65.1666825375885,36.82572623992355,57.18722712271865,5.767030721631511,873.7194534390636,288.34157300293583,1327.0076930638616
9,2,7.181947687893451,4,36.852634372376116,15.756019741562287,58.77693608621982,8.864108305005828,369.1354944621834,87.56652644917338,576.9517194165207
15,6,10.170868216717935,2,86.4358249839637,19.701146863465624,18.447625313363936,5.8928705052165755,222.61014419014876,27.365358886598035,380.4529707427566
15,9,9.659092500561739,2,47.32099066915572,16.79969206680964,36.22354416522884,14.056931794240816,134.84732590005197,67.92356697203053,317.17205156751754
26,8,29.050792689116587,5,96.81934279147217,20.64988917495812,33.451128874193216,15.298848702389101,614.3948268916575,174.7297556580532,955.3437920927236
10,5,34.55542354217701,5,18.552551570312115,12.0827152823828,2.6196708532064794,6.717314570988577,613.7528891256691,179.70096402373764,833.4261054262965
28,1,31.23656812030056,2,86.86231679556109,25.57179372724811,2.4191763891355245,10.757583245674692,185.11105143699336,41.392162228603304,352.1140838232161
13,7,6.066525345675796,5,77.65968527917417,12.028376907766447,83.16970436757735,11.843547634333131,735.6082939675281,53.02213684289501,973.3317449992742
19,5,35.352524337615314,3,77.0921844644052,34.01069523467085,27.30708099728124,10.535795326413748,135.1980773145552,145.8018443345366,429.9456776718628
31,6,17.39513347775939,6,84.47832281168877,17.01136245731299,51.80787662388154,6.815375007277895,192.20231872049834,120.2143309658646,472.52958658652415
7,7,18.900734137642885,2,76.10239909429988,26.200357438135317,29.872557358877305,11.284216852812131,244.83797082170304,74.08210304420379,462.37960461003144
17,3,8.670420828636832,5,62.62203216314154,36.40237262684374,94.06792451153404,16.267670717126272,634.2933224189295,191.3259739757419,1034.979296413317
20,12,30.80918221328367,2,13.124487768238758,29.526321071415826,25.929675886577375,6.0651149679988325,88.8497349889383,68.80059336635885,232.2959280495279
29,10,11.379935746658532,4,3.2526179491251916,25.988733596540058,42.96568127389351,6.202700211228551,247.4797598201309,90.06518307418372,415.9546759251019
4,3,24.738778220659274,1,92.08478478156869,19.730012593461268,87.27302504846018,10.321569377539763,32.10628360399547,20.84385015056263,262.359525555588
30,5,34.42484950572759,6,61.665031452073805,19.990057391745935,84.19335667918087,19.125885674283875,391.18219976200663,203.44038784864873,779.5969188079398
5,6,8.122151504921966,2,79.65372909761763,30.084608655945704,18.610141784627732,15.02858970084371,245.55404974048116,89.28765068893532,478.2187696684513
23,9,23.736744740543323,1,48.152235151255006,39.82418083663502,80.26433097957104,15.180049350088472,92.15526332550948,47.869349156935826,323.4454087999949
7,12,13.162574404243042,5,11.730818896239448,29.855175695481357,45.81868867378927,10.428799862567974,358.85735590097283,71.18116088075153,527.8719999098024
13,5,17.00244024973911,1,12.518579220255043,26.733502521100746,48.29688720853552,13.904911868128076,74.60871538875963,16.193144503908794,192.2557407106878
15,1,21.588947950069464,6,68.55652872289714,31.919515307177384,13.347997241594378,5.1519677604161505,180.97461051513707,286.7367021079391,586.6873216551612
11,4,17.428650614775666,2,43.030589489946266,23.956168368511545,8.060151375712465,14.541440696143134,131.9521266156566,78.92281826678341,300.4632948127534
29,5,27.70879941020516,4,20.052472670033673,11.804270278023557,72.79393069737652,18.69930421364355,430.30019598620663,181.2790119727637,734.9291858180477
4,12,21.785373561398757,5,49.15945467414369,26.868904476337296,49.646115235529976,14.188602025172287,734.5166662898143,90.52652682706864,964.9062695280663
13,10,25.446981964995924,2,6.420893707513409,38.728758535161404,43.68507026151796,18.105478901995177,263.2945984761359,67.00686968875215,437.24166957107605
7,10,30.78878663882195,6,58.19714019143988,15.259088270729789,72.95082286523967,15.859595831991408,196.98837454478098,228.27350266019369,587.5285243643754
27,5,24.52097930826531,5,26.899340443509768,30.700146724619973,76.55128989911097,6.808376246055354,689.1363628049035,186.02237708939455,1016.1178932075942
19,7,25.528740213126568,3,79.75591006371882,16.028010659771695,15.890816766935355,18.536799609287627,371.95142878750534,78.97820290400378,581.1411687912226
22,4,24.756048988292445,1,31.036195892357377,26.074830534192436,61.02251494776413,5.996657665336623,123.64513482851766,10.615795667652339,258.39112953582054
28,1,18.25704190829513,6,45.52201490818012,12.900293489401589,13.535408227768553,13.009512088216457,509.7569464825715,199.90225363302315,794.6264288291615
2,5,16.810639185517132,3,1.1620539908100636,23.511128087745554,75.13750860290457,7.132056856901865,233.281905463621,60.372184701553046,400.5968377035361
10,7,36.48765890007543,2,7.244688779455888,32.68489986685738,65.69551562671396,5.175599160963561,132.69977491996622,56.020339691431225,299.52081804538824
13,10,26.26443278027505,4,39.24935564066848,20.42714572716946,95.6614621083458,11.330513901914586,151.53353229809557,193.21296241341076,511.41497208960465
30,10,13.552360441262909,5,47.99388347171235,29.94735173461654,6.895801635642118,9.425610614812344,286.9412180962195,129.80706352848694,511.01092908148973
25,6,22.438669424712906,1,60.00205481193037,33.86349882369188,5.705472115125431,12.290007406964046,59.59243619736296,43.59206426657707,215.04553362165174
21,5,16.562196844831988,5,29.166257870930323,37.81533458438358,28.218707469320016,13.657998301018262,440.44624182612097,87.70812114985023,637.0126612016234
6,4,37.67921383159561,2,69.49818861265426,17.039262455663607,26.170568373590598,5.65608608463421,239.38665758320656,73.7968398420023,431.5476029517515
28,2,5.263702709692616,5,86.01223971892045,21.979477474279243,24.697879907199983,6.845049426856185,434.285897038768,245.4013908877887,819.2219344538127
28,4,12.886647919938488,1,77.98509888933498,14.572480399912523,90.62545805210367,13.37963594675638,36.94133393365927,14.07572403491747,247.57973125668428
12,10,17.787488688592017,2,3.9618825348357145,39.77450506475125,24.95461998495061,10.147510297589873,289.86955223716893,20.66559537817536,389.3736654974717
12,10,22.07334302830583,5,48.0506947257829,37.81002903772886,27.1949726128631,15.93760231324172,715.6345914564673,136.71655852652287,981.3444486726069
20,3,34.77861312426512,4,10.493017841817487,26.19871390841679,75.93982624179637,14.784374728879095,496.890980711236,54.820077288218755,679.1269907203646
30,10,8.076066858905035,6,24.204501586252746,35.26099883129264,44.973984245054,17.684065444848603,893.7560891262387,239.61224392229553,1255.4918831559821
30,1,33.205271035940015,2,98.66625932671465,25.628739318161266,77.67105569551812,15.38739240003838,190.6757598720631,93.16389310788472,501.19309972038025
11,8,6.947872127494136,6,14.249554290151323,28.707570640082793,6.536615756438524,11.448966160852223,873.1932121823083,164.1650334501021,1098.3009524799354
26,5,34.480991235436356,2,49.888815345135605,12.673732963480498,48.75711936733843,15.094499335916487,78.14520974802019,40.69693137243527,245.25630813232647
23,4,6.807241725607949,4,61.81557343181191,32.65811261490424,3.3613600183282633,9.130717613831278,295.5267591654582,109.50453104105756,511.99705388539144
28,8,5.638486849992637,6,70.2464970544104,13.831404509057045,6.265320345535452,9.59470248167319,342.2745129648714,233.62747628400024,675.8399136395477
25,7,29.393651182824755,3,55.96486834869141,34.78202890757585,90.64374533444109,16.8347773988119,160.49991028833722,31.086499389644516,389.811829667502
7,2,39.9039437168938,1,0.9770847419183659,33.46084263011158,13.924537111759516,11.696292746023733,46.89635386712113,33.578159579387886,140.53327067632222
30,1,36.38135920409073,3,32.64613082439919,31.262340932289295,53.24206822752171,16.975705107775287,314.0689109637588,103.59500218648549,551.7901582422298
1,12,25.1599446231981,5,51.771164338471145,11.084811415742863,41.10956026007065,17.336335605024175,618.7931134483831,177.5376493791871,917.632634446879
1,11,37.10884645799361,4,8.786649914483336,19.093850678359857,34.73433262588427,17.86343506491926,397.58323172177313,78.72353279694036,556.7850328023602
25,4,5.18550022391619,3,35.06269312091808,17.893377097325285,89.98333456872724,18.74952853761811,142.9065754517555,115.6863268053752,420.2818355817194
27,8,39.12735070307999,2,3.3203108791366565,20.80409222414557,2.18233967754895,11.464778307699444,254.66970478403303,27.311318906542112,319.75254477910573
30,12,22.176207274057457,5,7.857849715502074,12.629282402915155,66.37896861755891,9.783002274817083,531.572824298237,89.85406729336017,718.0759946023904
25,2,30.301363381762147,5,39.69232762015961,38.10873469093188,96.33944342135504,13.732981198911707,382.89942367619733,225.4940093308964,796.266919938452
20,3,33.73015156036734,3,13.271575404306034,26.61406722137129,56.016818346184195,10.567586351564414,332.6869063929827,118.64677808718797,557.8037318035965
13,12,30.146004479279377,3,56.75408482615582,19.165729319740706,93.68224620330918,14.016112502003494,183.56579252741983,31.649466481361433,398.8334318599904
9,1,23.72628562157187,4,68.94649691372658,21.9094455122285,5.225787928602377,15.58378793965737,285.692260077221,79.74020165916804,477.09798003060394
3,1,21.68168194442442,1,80.05866991090829,23.41607621514507,41.87933190741614,15.326075277382053,140.09830117583883,18.57625931972658,319.354713806417
7,3,34.35038955459187,3,20.01502442448101,28.01783000081852,26.015779096205115,10.61829330530182,194.5816220417113,62.49675936443671,341.74530823295447
6,11,12.177714605231069,3,16.748258225906977,25.470382830894934,73.08209649807299,7.5029030254812925,259.1957765368571,59.707172433586365,441.7065895507997
8,5,38.8797923276482,6,10.456784033440025,37.58175919643252,98.12970904972467,11.457940076933113,820.9016189251306,75.00631097828298,1053.5341222599438
27,12,29.88333675928619,2,63.64302495436367,24.908904487174908,25.65300624442478,7.138912161228631,229.85312406420658,56.71524132774563,407.9122132391442
9,3,11.98274245684119,6,70.64757264869012,39.764740444699385,65.41746014740745,18.351455527757125,224.78632283858596,235.85603394867965,654.8235855558197
30,1,30.768651429447086,6,3.1586144825642037,35.54274873235288,19.809763275974014,10.188161911067862,286.05819188085866,205.61561393218471,560.3730942150023
5,1,23.544400811339084,5,93.62122462436898,16.255315430720074,56.53302545716099,7.316896208349856,154.7049544631501,184.57433371961596,513.005749903366
1,8,29.753053347555557,1,5.1971283651472415,37.91785643931749,46.39324866883362,5.3817163985862635,105.71061482749961,13.245967141449565,213.8465318408338
19,10,31.872282550499357,2,54.12963353010704,13.490991936564283,97.2005329631537,14.687335794297264,167.4416220985004,96.11925681414297,443.06937313676565
10,11,8.05515628563864,4,70.90605194509165,34.523491254735745,60.85272726964666,14.55353476182115,184.45192843309226,174.15869341488397,539.4464270792714
12,12,22.713638472577145,4,87.09691237460856,21.418698804297403,34.950637208681876,10.109062498719375,579.8083781072498,168.81445095930604,902.1981399528631
24,12,37.62050197899269,3,71.40869321324278,36.33922961335209,11.409578488793336,6.075678332714765,280.6775006204232,128.7580566050121,534.6687368735381
15,2,16.222476725583,3,80.17280830697918,36.04170070322351,15.124682873493455,11.144433423428481,177.0815858806401,141.92526097593134,461.49047216369604
27,3,25.785908414526457,4,33.94501925428061,34.177762003528635,22.53169299512351,9.668262425950903,360.2897141542596,127.08063457819163,587.693085411335
22,2,17.923066852846365,3,81.48251137465122,33.70091308921184,25.0966661340298,15.156809596025141,334.6633197846388,54.03384214411511,544.1340621226719
24,3,20.899379027668488,1,8.011484638467515,19.140374172941222,85.06160578411378,14.086688741790356,39.148706156827735,34.671344314101646,200.12020380824228
9,7,24.201109127835363,6,89.48166560605276,12.427578491537565,56.12227882825249,10.4689059229631,377.78674683448224,238.29155848030538,784.5787341635937
20,1,24.212269296114204,3,54.75923761537362,22.089405362954842,52.33909113743665,8.26838831382485,380.5075767182377,118.55008720248306,636.5137863503107
17,10,12.060566181558254,5,81.72977699624937,15.20573544959526,11.476887186921747,19.82053949233388,425.79892224159676,154.28980483337602,708.3216662000731
30,8,28.960004175794165,3,45.23182845183001,30.84853266707385,86.0139693349435,11.810024317941723,286.7677711316262,38.21504632002937,498.8871722234447
17,10,8.075383893492988,2,64.35776951965249,20.382991796133567,72.28143032084837,15.324113536703555,163.87584053027263,49.68903507441023,385.9111807780209
26,10,9.858867070470712,1,52.640266093611324,39.26830602579744,6.766836190000158,7.108294513675411,35.267993117160614,46.83066433853429,187.88236027877926
20,10,5.094881479501538,2,73.15895217553319,29.22916232035996,70.78350972297687,12.283845494890967,99.77994715683742,66.75591278059409,351.9913296511925
12,2,9.084362244958847,2,8.162998203058958,34.674416909030825,54.353821734264606,5.413050798041982,166.92999329805383,63.066555460457074,332.6008364029073
30,3,21.56081703681623,5,6.03520839905638,13.975740182255453,8.172534574677826,12.58182676865675,275.5112792447567,103.77070287643872,420.0472920458418
7,9,26.213565836954352,1,24.710323401014644,35.86043446817868,45.830064152865646,19.460261106765536,35.99748343916145,24.737956796663156,186.5965233646491
2,7,32.800130748826184,1,15.954468011318834,37.68271571540183,48.469628713004695,10.763100694787003,131.23795968621886,45.81384356612677,289.92171638685795
3,4,8.734473753970262,1,87.17835665922017,24.611857564568076,16.577454016327575,5.584940188623674,147.74310349969392,36.65852190107343,318.3542338295068
17,10,34.77546110057591,1,21.92139873580443,28.187588132529324,94.56981470002823,5.464336863790153,125.17714487960873,41.49548107009331,316.8157643818542
5,5,31.109108394205133,1,97.58652558191314,32.94429402708987,84.99753714806619,10.819801399203042,132.45419060456004,28.173816922706205,386.97616568353845
17,2,19.298140252757094,5,33.68957917711069,15.245158817812376,66.90223373291083,7.400374046947911,295.1862781902272,176.0494438912316,594.4730678562405
24,11,37.652832348498414,3,18.211791568869927,25.07698229390327,46.22955610006072,5.350281444922789,435.82571118475187,59.806033049184904,590.5003556416933
17,8,39.68253167600867,2,78.96985071424791,21.959890833169393,41.17655415845085,16.343204209252654,107.26216906882281,76.4368664226789,342.1485354066225
27,4,12.175063351863304,1,65.87077755008761,14.391219764867474,65.09734671509541,11.87784513322836,144.17157724341988,27.10405334813349,328.5128197548322
17,9,18.273000473733013,3,49.8195716453139,21.02603266874594,54.543186940690546,9.338671579589818,448.1349458277424,83.10546177776946,665.9678704398522
2,5,37.42572982563989,3,55.53635509376312,12.045169281564807,6.227310588188562,18.501247745247213,346.22021006857756,107.91867894922581,546.4489717265672
2,9,30.2558792762947,2,71.92017782722638,10.77435720848461,51.25026487703317,6.742084403007884,295.47449563003727,94.90244971751413,531.0638296633034
28,4,6.683312538743069,5,22.845474133129873,14.054988674644683,80.64036172328395,19.338782434329786,491.7238677402622,62.801269321724185,691.4047440273747
22,10,32.35300686129952,4,99.63339160567419,38.89345334767522,45.923987759695805,9.709500760660292,244.58005592452338,171.95891797552122,610.6993073737501
23,5,33.97793105121222,4,97.4793162146783,26.48588607685051,5.195657755426842,18.32605508463022,329.75802511949803,86.7812976659509,564.0262379170349
5,9,31.267567366785972,3,65.03256863469369,38.974664834596595,78.6278199384033,14.044143147191923,303.68193673636296,83.27033454076533,583.6314678320138
1,8,32.983799582183046,6,19.954245092914512,22.97493634990396,20.13637821359744,17.40061039612231,232.61872465945078,65.25919890600215,378.3440936179911
1,3,33.8796436842479,6,68.02282424312914,19.35448399255779,25.862083488803876,19.760197448156966,628.0871505244172,132.25105868023513,893.3377983773001
19,1,11.524174537585044,2,7.219840897917584,25.18425588520732,16.47063534322959,9.326081567281186,295.48268082295067,60.210499410410435,413.89399392699676
30,3,13.249211112274992,4,3.0652502205806065,23.185350658987304,33.02150648714976,19.417032281113894,211.25167189618926,48.98817237559024,338.928983919611
2,4,27.181549730206203,3,25.76828885112137,13.169940527852317,75.6751505688635,10.842228423536305,375.33424186381797,88.93148752597982,589.7213377611713
21,2,36.77531456618806,5,46.26229567393163,29.224789440706186,51.93858595039374,10.782678571053836,694.7392762677716,235.42212577168544,1068.3697516755424
12,1,16.066880380377313,4,86.82725054083805,16.48114547528799,20.488127415071254,10.105806563817586,572.9767645537061,56.862914897248835,763.7420094459699
26,7,25.590733652826984,3,72.7169069766308,28.587638646934888,87.78300781520409,13.121114110213778,435.64881758596096,121.73288736906052,759.590372504005
6,8,28.904372219599633,3,74.2706521199981,29.5060327719446,87.95818549515292,7.312175647677306,277.7254699397299,79.16052640511913,555.933042379622
23,7,20.818201045466374,1,42.54933344480754,14.560745593859444,87.05784250460069,13.305672280370167,147.27694895898043,36.20694858097352,340.95749136359177
4,5,29.98238591993641,5,34.59349925469629,11.840488813320045,23.87962113815393,13.12557218615006,604.3861242806634,102.04731959704587,789.8726252700295
23,12,36.48836058522606,1,37.10387629846027,33.422847582053194,45.12393441809881,16.42852718907305,49.40057234843543,16.37969050165433,197.8594483377751
11,1,26.843554046364318,2,98.76495637360578,23.794012713079603,98.49896561408751,17.504749429063786,174.45602555231278,32.83700914169812,445.8557188238476
24,7,23.89233716701216,1,4.010919141248248,11.744913865164273,77.20124763099903,11.60662025468636,116.19974104464048,12.819677825725787,233.58311976246418
27,7,20.356063638591866,1,86.70314961224486,39.84598951509301,2.716742122555982,9.534998740272407,59.68083789829,17.42586819604972,215.907586084506
17,9,25.2120194817144,4,57.86754085723934,11.733416829890999,6.5204591260492055,8.890023459756417,427.49528810346595,146.27510159823493,658.7818299746368
31,3,17.437685813643856,6,43.86154191895905,30.851056865756597,46.39313768123328,7.919357550573078,659.9523449135659,271.60574684244193,1060.5831857725298
6,9,18.70187385705257,3,72.52576604151365,39.51036775790241,90.92202058615601,5.864713732985373,148.57190777108372,127.69508227093941,485.08985816058055
24,1,23.61501178908609,5,48.666894142470284,17.175403126477768,53.870179795271426,10.136719682520699,489.05118747165375,187.02686197489683,805.9272461932908
5,1,7.3316689336785945,1,87.34232380816606,14.267481060615886,49.781250803429025,9.053715381961748,122.59522931743292,14.417274536444108,297.4572749080497
20,4,13.015888682367873,5,90.07018640112585,13.641548182672867,10.547369995663058,19.49626078799611,449.33739872156514,107.83748925918997,690.930253348213
2,9,23.999725871469312,6,42.17209268734554,19.098254427027868,65.6780104724294,13.365632393750658,188.71424407879732,134.35365007739256,463.3818841367434
6,6,20.10348500977549,6,27.682779723505156,13.031374330319402,82.21031606002255,10.209155585457612,186.50769773709038,119.9896671354291,439.6309905718242
22,11,16.64855250693695,1,59.23503285933622,30.76484025082396,38.04200075075623,13.70701401490544,72.84352127640146,30.600226388388926,245.19263554061223
11,3,30.56921978832555,2,91.2363345616691,11.868753943901881,77.56118509253275,7.087950520185433,282.2865764236277,62.8443051903738,532.8851057322906
31,1,29.280116259116845,1,21.066218900566657,25.28266384449369,96.44766539008116,11.660656238033043,57.441213552433055,24.275439006844408,236.17385693245203
16,4,10.83557659976841,4,62.296658356348274,39.9009056155893,20.376645912768907,14.393514821315957,424.4945706584098,96.60626539782976,658.068560762262
16,12,35.75201903807034,3,63.156022009252055,34.41910808518057,52.33296311947413,12.33346747688677,169.9473134495954,129.42667174872975,461.6155458891187
1,9,22.339826924138798,2,73.3113022415281,28.456583146930328,28.713795808457554,11.026682009814863,137.20079751829167,83.14342786557485,361.85258859059735
9,3,30.95113188986659,1,13.15676851272598,19.18760862359835,79.28544190338394,19.907725833495473,131.76505075217807,22.311833267229826,285.6144288926116
28,12,25.060279724008605,5,71.58249646820886,28.716875088749156,57.75933658811575,18.204721432233903,587.3168653619681,232.75768877465185,996.3379837139275
27,9,39.919241557334516,2,90.9032520665641,25.81124391734955,63.45824175503038,14.351089372391602,82.89582655517054,96.22520136020049,373.64485502670664
6,7,31.334109201358796,2,17.968310887024195,22.782501516711143,79.79141596158941,13.540660417734241,162.88848503674407,46.139403362403264,343.1107771822063
16,12,29.744316143521065,1,23.754332492387764,13.921311302205984,39.59704726624549,14.30990719736876,33.50037163743173,24.176997951722193,149.2599678473619
29,4,32.25001786677629,2,97.13950940416396,36.598126457214,91.50900684070432,8.019681617336499,175.41363518472215,60.45073227375671,469.13069177789765
3,3,10.009479494196437,5,18.097695270948975,23.493539464639674,53.302886724614,10.92706614896478,547.4604070206409,238.2241625067347,891.505757136543
20,10,12.159060760931215,6,85.4385093369579,15.838675354622952,15.7954822835348,5.59189299336349,265.3218889906691,270.31666395415476,658.303112913303
28,5,29.992242877826495,2,49.227785644803475,21.03278052631869,69.58991181688025,12.1331905623024,129.33238533819974,28.205437006687184,309.52149089519173
27,5,22.28935204958019,6,24.723107440317705,22.42389257586781,79.32613504382545,13.145368759364947,466.442370361553,154.2553783851399,760.3162525660688
4,3,31.41223521510408,5,87.07499012725114,34.82613686700623,31.67616770675267,8.416246041548144,701.7186147936299,160.67423794995435,1024.3863934861424
19,12,8.602061076045075,1,44.53052550026655,32.00843141684206,85.7179256998753,19.460432707482706,149.19060185075568,30.1252989020616,361.0332160772839
26,9,23.776847301960817,3,51.48173539296902,33.07914680924019,90.61432547657664,18.64181916405863,106.16806763842172,53.263568152427126,353.24866263369336
3,4,18.25875479449205,2,35.92333693997657,10.330937932859417,27.690448737780894,15.832148531838588,242.6419016388941,88.70534169345237,421.1241154748019
31,11,20.99500767485874,3,59.29508514349274,22.484619945392843,98.3521472715222,13.000799431480438,223.82066390484357,111.23289395962047,528.1862096563523
19,5,26.138525522537936,5,16.352387258502276,24.44032454905971,14.071152804875842,18.049537394715273,385.47491173768805,217.58167497036072,675.9699887152019
20,4,22.580092161188556,2,39.10815366517607,10.575768304691701,20.201566840248997,6.959785157351943,241.02359360328543,88.70114234795777,406.57000991871183
7,5,23.895122298949286,6,96.94123223352875,17.79439626235103,18.422483923802613,16.857646914123276,841.2670311446941,239.60540487977755,1230.8881953582772
20,7,22.022511869846273,4,25.813343270112753,32.80869469366405,89.39897100078704,6.8723122095027245,576.4457253612233,110.27369619995477,841.6127427352446
9,9,19.313431197992262,3,65.67366645412922,14.113291171869971,65.42925523249619,16.91315993824108,297.7641309737955,103.26561060185094,563.1591143723829
1,7,32.01586932093858,2,32.51900642246949,26.05930394357775,15.210428322227287,9.136513523770354,145.70907823212067,32.829232489579454,261.46356293374504
8,5,5.427107531131558,3,77.34731256866006,16.456056160517125,44.032341836834895,18.156358715272834,373.51767090916053,110.83745009698893,640.3471902874344
7,10,25.945494542182946,2,13.087366071834982,10.363623239316798,61.529802506980204,19.16063140738097,120.24033198295206,34.340260459142456,258.7220156676075
18,10,24.792792156304085,1,96.98210450785447,17.236043727986242,8.34640849893833,7.231939541076734,97.68888346002213,37.75798362040627,265.2433633562842
8,7,30.066267615653327,6,45.37895413836392,39.27621264730161,88.24163684073388,11.940134075980904,438.1764922979087,115.10355858095247,738.1169885812416
1,10,25.966027767206427,3,23.605046334646396,34.046113356489684,80.36035354415351,19.714810672440276,326.3871865348354,44.1061560180264,528.2196664605916
11,5,33.93795897331774,4,7.349674733001265,38.787299329631,50.52067735766382,12.251111539597199,235.3914781888833,66.44551842287319,410.7457595716498
28,3,38.56761780974097,4,16.975790508754073,24.63562131779087,96.71266152591704,17.953212837718176,211.96461395271638,40.31874163505124,408.5606417779478
25,7,16.98834900124902,5,51.977394855601766,13.292085960325105,41.77609792750997,13.830972831969797,700.9434520052622,193.74792357070604,1015.567927151375
25,11,12.957284406049546,2,33.70031764312863,26.43878466921079,98.41103190364979,10.629948618794028,84.43288390788885,78.59208392467033,332.20505066734245
18,11,19.8258901847169,3,82.88833658826094,23.631320036798826,66.79199988036271,9.286753332888054,272.1448467845754,91.79200198959113,546.535258612477
23,2,15.077536576650415,5,43.08875236618059,35.330712482188474,63.467127325394145,8.048346366291309,282.51166977780537,82.27256021107675,514.7191685289366
31,12,26.523259210342907,3,24.871427258762992,12.942477423527338,16.5954895295785,16.42697287066546,104.01478679724028,40.02652050128277,214.87767438105735
30,9,36.91483430950376,2,61.714498660403,24.647234110653343,88.1927758304644,10.798107602345418,68.64451638994234,21.53031731498296,275.5274499087914
10,10,9.869066795007164,4,70.67772168854458,14.501459940819528,42.74896879206152,12.669131933011268,204.10645061079714,66.51970831443532,411.2234412796694
3,10,8.527811105556028,1,16.704190790094987,19.740277806701798,16.223340578247935,12.384882200017728,134.01244254072003,45.63422139932587,244.69935531510836
7,12,13.960543614878178,4,16.761921628831765,32.12071232163399,1.260751997575904,13.65918543849697,255.5897971089728,78.64589467226908,398.03826316778054
28,1,30.413345512184026,5,3.667142693354297,24.280543881062997,55.975568363838256,17.983657184368283,720.2755023451775,120.85426544344314,943.0366799112446
16,6,25.753701684058754,6,73.64020150656405,21.276648554373082,52.739962212267635,19.711090153751442,598.7680509522194,85.28291627551997,851.4188696546955
26,7,8.577443247881986,1,66.38045276218051,21.83428835710106,71.93536223691585,11.113763128607253,82.39370277225193,18.89445218992681,272.5520214469834
16,8,37.156268279126124,5,47.46308757498139,23.7834030521796,89.02580530178021,17.412783831594545,498.0533008016727,153.84491415604103,829.5832947182494
25,10,32.65296229934303,2,84.41704489691972,33.55049631511171,7.9406584643029525,16.467916919820766,184.00761245430425,68.6202146476522,395.0039436981116
20,9,5.805791167567313,1,80.56701529500532,36.76254066820703,73.14964903403623,13.602934271833599,121.05315045087902,19.81409256664844,344.94938228660965
28,2,27.797852384588616,5,58.535436439675216,38.66004059511785,18.741194409758222,19.340707154178997,319.49763958371136,61.54643184502344,516.3214500274651
17,11,31.99363339819083,2,86.82712805132586,33.60710158765885,85.8177053157164,8.00711773292604,144.73209398407258,51.28262953019189,410.2737762018916
2,10,18.10523794021477,4,20.584121003676824,19.462206872440383,81.90635138616561,6.638963154644321,549.1652652159603,77.47253934821346,755.2294469811009
